model,variant,benchmark,metric,n,score,delta_vs_native,pass_rate
Qwen3-4B,native,τ² airline,mean reward,50,0.2600,+0.0000,
Qwen3-4B,native,τ² retail,mean reward,114,0.2544,+0.0000,
Qwen3-4B,native,BFCL,accuracy,200,0.3300,+0.0000,
Qwen3-4B,native,AutomationBench,mean partial credit,599,0.1658,+0.0000,0.0100
Qwen3-4B,native,MCP-Atlas,mean claim coverage,89,0.1716,+0.0000,0.2022
Qwen3-4B,fully merged,τ² airline,mean reward,50,0.4000,+0.1400,
Qwen3-4B,fully merged,τ² retail,mean reward,114,0.0789,-0.1754,
Qwen3-4B,fully merged,BFCL,accuracy,200,0.0000,-0.3300,
Qwen3-4B,fully merged,AutomationBench,mean partial credit,599,0.0000,-0.1658,0.0000
Qwen3-4B,fully merged,MCP-Atlas,mean claim coverage,89,0.0288,-0.1428,0.0337
Qwen3-4B,class dispatch,τ² airline,mean reward,50,0.2600,+0.0000,
Qwen3-4B,class dispatch,τ² retail,mean reward,114,0.1930,-0.0614,
Qwen3-4B,class dispatch,BFCL,accuracy,200,0.0250,-0.3050,
Qwen3-4B,class dispatch,AutomationBench,mean partial credit,599,0.1191,-0.0467,0.0100
Qwen3-4B,class dispatch,MCP-Atlas,mean claim coverage,89,0.0535,-0.1181,0.0449
Qwen3-4B,fully split,τ² airline,mean reward,50,0.2400,-0.0200,
Qwen3-4B,fully split,τ² retail,mean reward,114,0.2719,+0.0175,
Qwen3-4B,fully split,BFCL,accuracy,200,0.3250,-0.0050,
Qwen3-4B,fully split,AutomationBench,mean partial credit,599,0.1199,-0.0458,0.0050
Qwen3-4B,fully split,MCP-Atlas,mean claim coverage,89,0.1121,-0.0595,0.1011
Qwen3-4B,interval split,τ² airline,mean reward,50,0.3400,+0.0800,
Qwen3-4B,interval split,BFCL,accuracy,200,0.2450,-0.0850,
Qwen3-4B,interval split,AutomationBench,mean partial credit,599,0.1007,-0.0651,0.0033
Qwen3-4B,interval split,MCP-Atlas,mean claim coverage,89,0.1239,-0.0477,0.1461
Qwen3-4B,nested args,τ² airline,mean reward,50,0.3400,+0.0800,
Qwen3-4B,nested args,τ² retail,mean reward,114,0.3158,+0.0614,
Qwen3-4B,nested args,BFCL,accuracy,200,0.2800,-0.0500,
Qwen3-4B,nested args,AutomationBench,mean partial credit,599,0.1093,-0.0565,0.0050
Qwen3-4B,nested args,MCP-Atlas,mean claim coverage,89,0.1390,-0.0326,0.1236
Qwen3-4B,namespaced names,τ² airline,mean reward,50,0.3600,+0.1000,
Qwen3-4B,namespaced names,τ² retail,mean reward,114,0.2281,-0.0263,
Qwen3-4B,namespaced names,BFCL,accuracy,200,0.1000,-0.2300,
Qwen3-4B,namespaced names,AutomationBench,mean partial credit,599,0.1598,-0.0059,0.0100
Qwen3-4B,namespaced names,MCP-Atlas,mean claim coverage,89,0.1222,-0.0494,0.1461
Qwen3-4B,strip descriptions,τ² airline,mean reward,50,0.2800,+0.0200,
Qwen3-4B,strip descriptions,τ² retail,mean reward,114,0.2632,+0.0088,
Qwen3-4B,strip descriptions,BFCL,accuracy,200,0.2350,-0.0950,
Qwen3-4B,strip descriptions,AutomationBench,mean partial credit,599,0.0843,-0.0815,0.0033
Qwen3-4B,strip descriptions,MCP-Atlas,mean claim coverage,89,0.1018,-0.0698,0.1011
Qwen3-4B,reorder arguments,τ² airline,mean reward,50,0.2600,+0.0000,
Qwen3-4B,reorder arguments,τ² retail,mean reward,114,0.2982,+0.0439,
Qwen3-4B,reorder arguments,BFCL,accuracy,200,0.3250,-0.0050,
Qwen3-4B,reorder arguments,AutomationBench,mean partial credit,599,0.1645,-0.0012,0.0100
Qwen3-4B,reorder arguments,MCP-Atlas,mean claim coverage,89,0.1245,-0.0471,0.1348
Qwen3-4B,transaction,τ² airline,mean reward,50,0.2400,-0.0200,
Qwen3-4B,transaction,τ² retail,mean reward,114,0.2105,-0.0439,
Qwen3-4B,transaction,BFCL,accuracy,200,0.2700,-0.0600,
Qwen3-4B,transaction,AutomationBench,mean partial credit,599,0.0427,-0.1231,0.0017
Qwen3-4B,transaction,MCP-Atlas,mean claim coverage,89,0.1015,-0.0701,0.0899
Qwen3-4B,schema discovery,τ² airline,mean reward,50,0.3400,+0.0800,
Qwen3-4B,schema discovery,τ² retail,mean reward,114,0.1053,-0.1491,
Qwen3-4B,schema discovery,BFCL,accuracy,200,0.0200,-0.3100,
Qwen3-4B,schema discovery,AutomationBench,mean partial credit,599,0.0411,-0.1247,0.0033
Qwen3-4B,schema discovery,MCP-Atlas,mean claim coverage,89,0.0335,-0.1381,0.0225
Qwen3-4B,composed,τ² airline,mean reward,50,0.4000,+0.1400,
Qwen3-4B,composed,τ² retail,mean reward,114,0.0789,-0.1754,
Qwen3-4B,composed,BFCL,accuracy,200,0.0250,-0.3050,
Qwen3-4B,composed,AutomationBench,mean partial credit,599,0.0312,-0.1345,0.0000
Qwen3-4B,composed,MCP-Atlas,mean claim coverage,89,0.0479,-0.1237,0.0449
