variant,Base,Instruction,Decoding,SFT native,SFT mixed,RL native,RL mixed
Native,0.773,,0.777,0.795,0.698,0.828,0.816
Fully merged,0.364,0.643,0.653,0.472,0.707,0.475,0.799
Class dispatch,0.661,0.669,0.643,0.401,0.657,0.710,0.716
Fully split,0.760,0.764,0.757,0.805,0.699,0.820,0.807
Interval split,0.759,0.764,0.716,0.668,0.685,0.811,0.806
Nested args,0.771,0.776,0.777,0.791,0.692,0.828,0.816
Namespaced names,0.697,0.699,0.698,0.728,0.706,0.763,0.754
Strip descriptions,0.783,0.782,0.785,0.780,0.685,0.822,0.811
Reorder arguments,0.777,0.785,0.774,0.794,0.698,0.833,0.821
Transaction,0.281,0.345,0.172,0.181,0.511,0.298,0.616
Reference resolution,0.775,0.801,0.842,0.640,0.734,0.832,0.883
Schema discovery,0.072,0.522,0.088,0.021,0.738,0.134,0.755
