variant,Qwen3-4B,Qwen3-30B-A3B,Qwen2.5-7B,Qwen2.5-14B,Qwen2.5-32B,Llama-3.1-8B,Gemma-4-12B,Qwen3.5-27B,Qwen3.5-35B-A3B
native,0.773,0.779,0.539,0.770,0.761,0.750,0.785,0.844,0.833
merge · domain 0.29×,0.419,0.479,0.340,0.626,0.628,0.492,0.037,0.838,0.807
merge · domain 0.46×,0.422,0.488,0.249,0.607,0.633,0.425,0.101,0.838,0.810
merge · domain 0.69×,0.489,0.548,0.259,0.652,0.664,0.482,0.215,0.838,0.828
merge · domain 0.85×,0.634,0.627,0.378,0.731,0.731,0.596,0.382,0.843,0.833
"merge · domain, nested",0.324,0.044,0.341,0.361,0.430,0.454,0.232,0.202,0.228
"merge · domain, union",0.036,0.031,0.174,0.389,0.547,0.497,0.752,0.824,0.778
merge · semantic groups,0.658,0.484,0.357,0.658,0.710,0.605,0.003,0.842,0.812
merge · random groups,0.643,0.425,0.280,0.626,0.690,0.495,0.012,0.837,0.815
merge · anti-semantic groups,0.565,0.525,0.252,0.612,0.672,0.423,0.042,0.834,0.819
"merge · catalog, neutral names",0.655,0.683,0.098,0.460,0.741,0.603,0.005,0.779,0.762
"merge · catalog, random classes",0.236,0.337,0.032,0.181,0.435,0.138,0.012,0.770,0.709
"merge · catalog, anti-classes",0.198,0.287,0.039,0.168,0.456,0.124,0.024,0.750,0.626
native · whole catalog,0.706,0.720,0.553,0.722,0.748,0.663,0.680,0.807,0.803
split · enum 1.5×,0.778,0.781,0.453,0.766,0.764,0.745,0.784,0.840,0.830
split · enum 2.9×,0.782,0.789,0.451,0.769,0.763,0.730,0.777,0.840,0.828
split · enum 5.4×,0.785,0.785,0.517,0.773,0.770,0.746,0.779,0.844,0.834
split · one enum,0.784,0.780,0.529,0.770,0.764,0.746,0.775,0.848,0.837
split · all enums,0.770,0.782,0.559,0.768,0.766,0.707,0.771,0.845,0.835
rename · opaque,0.751,0.761,0.266,0.739,0.770,0.712,0.784,0.834,0.829
