model,variant,arm,n,success,delta_vs_native,livelock,txn_handle,rejected_stuck,wrong_class,under_exec,over_exec,wrong_args,other
Qwen3-4B,native,v5_hard,2748,0.7733,+0.0000,0.0000,0.0000,0.0011,0.0000,0.0116,0.0302,0.1839,0.0000
Qwen3-30B-A3B,native,v5_hard,2748,0.7787,+0.0000,0.0000,0.0000,0.0004,0.0000,0.0040,0.0423,0.1746,0.0000
Qwen2.5-7B,native,v5_hard,2748,0.5386,+0.0000,0.0023,0.0000,0.0000,0.0000,0.0018,0.3022,0.1550,0.0000
Qwen2.5-14B,native,v5_hard,2748,0.7700,+0.0000,0.0000,0.0000,0.0005,0.0000,0.0101,0.0586,0.1608,0.0000
Qwen2.5-32B,native,v5_hard,2748,0.7609,+0.0000,0.0000,0.0000,0.0007,0.0000,0.0014,0.0488,0.1882,0.0000
Llama-3.1-8B,native,v5_hard,2748,0.7500,+0.0000,0.0000,0.0000,0.0015,0.0000,0.0065,0.0790,0.1630,0.0000
Gemma-4-12B,native,v5_hard,2748,0.7849,+0.0000,0.0000,0.0000,0.0000,0.0000,0.0022,0.0357,0.1772,0.0000
Qwen3.5-27B,native,v5_hard,2748,0.8443,+0.0000,0.0000,0.0000,0.0000,0.0000,0.0030,0.0156,0.1372,0.0000
Qwen3.5-35B-A3B,native,v5_hard,2748,0.8333,+0.0000,0.0000,0.0000,0.0000,0.0000,0.0095,0.0270,0.1302,0.0000
Qwen3-4B,merge · domain 0.29×,v1_hard,2748,0.4189,-0.3544,0.0000,0.0000,0.3750,0.0000,0.0197,0.0459,0.1405,0.0000
Qwen3-30B-A3B,merge · domain 0.29×,v1_hard,2748,0.4785,-0.3002,0.0016,0.0000,0.1235,0.0000,0.0010,0.2063,0.1891,0.0000
Qwen2.5-7B,merge · domain 0.29×,v1_hard,2748,0.3395,-0.1991,0.0033,0.0000,0.1387,0.0000,0.0079,0.3230,0.1876,0.0000
Qwen2.5-14B,merge · domain 0.29×,v1_hard,2748,0.6263,-0.1437,0.0011,0.0000,0.1203,0.0000,0.0037,0.0878,0.1607,0.0000
Qwen2.5-32B,merge · domain 0.29×,v1_hard,2748,0.6277,-0.1332,0.0000,0.0000,0.1106,0.0000,0.0004,0.0823,0.1791,0.0000
Llama-3.1-8B,merge · domain 0.29×,v1_hard,2748,0.4920,-0.2580,0.0030,0.0000,0.2042,0.0000,0.0142,0.0960,0.1905,0.0000
Gemma-4-12B,merge · domain 0.29×,v1_hard,2748,0.0368,-0.7482,0.4296,0.0000,0.0000,0.0000,0.0019,0.2813,0.2504,0.0000
Qwen3.5-27B,merge · domain 0.29×,v1_hard,2748,0.8377,-0.0066,0.0000,0.0000,0.0000,0.0000,0.0032,0.0211,0.1380,0.0000
Qwen3.5-35B-A3B,merge · domain 0.29×,v1_hard,2748,0.8071,-0.0262,0.0000,0.0000,0.0008,0.0000,0.0091,0.0368,0.1462,0.0000
Qwen3-4B,merge · domain 0.46×,v2_hard,2748,0.4218,-0.3515,0.0000,0.0000,0.3626,0.0000,0.0168,0.0474,0.1515,0.0000
Qwen3-30B-A3B,merge · domain 0.46×,v2_hard,2748,0.4876,-0.2911,0.0005,0.0000,0.1255,0.0000,0.0020,0.2152,0.1691,0.0000
Qwen2.5-7B,merge · domain 0.46×,v2_hard,2748,0.2493,-0.2893,0.0008,0.0000,0.1494,0.0000,0.0045,0.4054,0.1907,0.0000
Qwen2.5-14B,merge · domain 0.46×,v2_hard,2748,0.6074,-0.1627,0.0000,0.0000,0.1666,0.0000,0.0035,0.0825,0.1399,0.0000
Qwen2.5-32B,merge · domain 0.46×,v2_hard,2748,0.6328,-0.1281,0.0000,0.0000,0.1292,0.0000,0.0007,0.0665,0.1707,0.0000
Llama-3.1-8B,merge · domain 0.46×,v2_hard,2748,0.4247,-0.3253,0.0017,0.0000,0.3563,0.0000,0.0086,0.0690,0.1397,0.0000
Gemma-4-12B,merge · domain 0.46×,v2_hard,2748,0.1008,-0.6841,0.2772,0.0000,0.0000,0.0000,0.0027,0.2655,0.3537,0.0000
Qwen3.5-27B,merge · domain 0.46×,v2_hard,2748,0.8384,-0.0058,0.0000,0.0000,0.0000,0.0000,0.0032,0.0200,0.1383,0.0000
Qwen3.5-35B-A3B,merge · domain 0.46×,v2_hard,2748,0.8104,-0.0229,0.0000,0.0000,0.0032,0.0000,0.0080,0.0339,0.1445,0.0000
Qwen3-4B,merge · domain 0.69×,v3_hard,2748,0.4894,-0.2838,0.0000,0.0000,0.2675,0.0000,0.0123,0.0419,0.1889,0.0000
Qwen3-30B-A3B,merge · domain 0.69×,v3_hard,2748,0.5484,-0.2303,0.0005,0.0000,0.1433,0.0000,0.0036,0.1135,0.1908,0.0000
Qwen2.5-7B,merge · domain 0.69×,v3_hard,2748,0.2587,-0.2798,0.0015,0.0000,0.1276,0.0000,0.0030,0.4237,0.1855,0.0000
Qwen2.5-14B,merge · domain 0.69×,v3_hard,2748,0.6521,-0.1179,0.0000,0.0000,0.1295,0.0000,0.0035,0.0571,0.1578,0.0000
Qwen2.5-32B,merge · domain 0.69×,v3_hard,2748,0.6645,-0.0964,0.0000,0.0000,0.1060,0.0000,0.0007,0.0507,0.1782,0.0000
Llama-3.1-8B,merge · domain 0.69×,v3_hard,2748,0.4822,-0.2678,0.0005,0.0000,0.2905,0.0000,0.0088,0.0740,0.1440,0.0000
Gemma-4-12B,merge · domain 0.69×,v3_hard,2748,0.2147,-0.5702,0.1726,0.0000,0.0000,0.0000,0.0024,0.1412,0.4691,0.0000
Qwen3.5-27B,merge · domain 0.69×,v3_hard,2748,0.8384,-0.0058,0.0000,0.0000,0.0000,0.0000,0.0037,0.0182,0.1396,0.0000
Qwen3.5-35B-A3B,merge · domain 0.69×,v3_hard,2748,0.8275,-0.0058,0.0000,0.0000,0.0003,0.0000,0.0076,0.0276,0.1369,0.0000
Qwen3-4B,merge · domain 0.85×,v4_hard,2748,0.6343,-0.1390,0.0000,0.0000,0.1254,0.0000,0.0165,0.0325,0.1913,0.0000
Qwen3-30B-A3B,merge · domain 0.85×,v4_hard,2748,0.6274,-0.1514,0.0000,0.0000,0.1087,0.0000,0.0041,0.0696,0.1902,0.0000
Qwen2.5-7B,merge · domain 0.85×,v4_hard,2748,0.3785,-0.1601,0.0025,0.0000,0.0671,0.0000,0.0050,0.3891,0.1579,0.0000
Qwen2.5-14B,merge · domain 0.85×,v4_hard,2748,0.7311,-0.0389,0.0000,0.0000,0.0481,0.0000,0.0065,0.0578,0.1565,0.0000
Qwen2.5-32B,merge · domain 0.85×,v4_hard,2748,0.7311,-0.0298,0.0000,0.0000,0.0400,0.0000,0.0008,0.0521,0.1760,0.0000
Llama-3.1-8B,merge · domain 0.85×,v4_hard,2748,0.5964,-0.1536,0.0008,0.0000,0.1489,0.0000,0.0065,0.0819,0.1655,0.0000
Gemma-4-12B,merge · domain 0.85×,v4_hard,2748,0.3825,-0.4025,0.0945,0.0000,0.0000,0.0000,0.0031,0.1075,0.4125,0.0000
Qwen3.5-27B,merge · domain 0.85×,v4_hard,2748,0.8428,-0.0015,0.0000,0.0000,0.0000,0.0000,0.0036,0.0167,0.1369,0.0000
Qwen3.5-35B-A3B,merge · domain 0.85×,v4_hard,2748,0.8330,-0.0004,0.0000,0.0000,0.0000,0.0000,0.0058,0.0294,0.1318,0.0000
Qwen3-4B,"merge · domain, nested",e25_nested,2748,0.3235,-0.4498,0.0022,0.0000,0.2409,0.0000,0.0164,0.0655,0.3515,0.0000
Qwen3-30B-A3B,"merge · domain, nested",e25_nested,2748,0.0444,-0.7344,0.0317,0.0000,0.8508,0.0000,0.0007,0.0142,0.0582,0.0000
Qwen2.5-7B,"merge · domain, nested",e25_nested,2748,0.3406,-0.1980,0.0080,0.0000,0.1012,0.0000,0.0058,0.2777,0.2667,0.0000
Qwen2.5-14B,"merge · domain, nested",e25_nested,2748,0.3606,-0.4094,0.0295,0.0000,0.1645,0.0000,0.0036,0.0826,0.3592,0.0000
Qwen2.5-32B,"merge · domain, nested",e25_nested,2748,0.4298,-0.3311,0.0000,0.0000,0.0666,0.0000,0.0025,0.1059,0.3952,0.0000
Llama-3.1-8B,"merge · domain, nested",e25_nested,2748,0.4541,-0.2959,0.0069,0.0000,0.1900,0.0000,0.0138,0.0964,0.2387,0.0000
Gemma-4-12B,"merge · domain, nested",e25_nested,2748,0.2322,-0.5528,0.0120,0.0000,0.0149,0.0000,0.0091,0.0833,0.6485,0.0000
Qwen3.5-27B,"merge · domain, nested",e25_nested,2748,0.2016,-0.6426,0.0000,0.0000,0.0142,0.0000,0.1012,0.0557,0.6274,0.0000
Qwen3.5-35B-A3B,"merge · domain, nested",e25_nested,2748,0.2282,-0.6052,0.0055,0.0000,0.0095,0.0000,0.1070,0.0706,0.5793,0.0000
Qwen3-4B,"merge · domain, union",e25_union,2748,0.0364,-0.7369,0.0007,0.0000,0.9501,0.0000,0.0015,0.0015,0.0098,0.0000
Qwen3-30B-A3B,"merge · domain, union",e25_union,2748,0.0313,-0.7475,0.0364,0.0000,0.9039,0.0000,0.0007,0.0069,0.0207,0.0000
Qwen2.5-7B,"merge · domain, union",e25_union,2748,0.1743,-0.3643,0.0098,0.0000,0.6470,0.0000,0.0011,0.0651,0.1026,0.0000
Qwen2.5-14B,"merge · domain, union",e25_union,2748,0.3886,-0.3814,0.0910,0.0000,0.4134,0.0000,0.0018,0.0207,0.0844,0.0000
Qwen2.5-32B,"merge · domain, union",e25_union,2748,0.5466,-0.2143,0.0004,0.0000,0.2598,0.0000,0.0000,0.0306,0.1627,0.0000
Llama-3.1-8B,"merge · domain, union",e25_union,2748,0.4967,-0.2533,0.2678,0.0000,0.0717,0.0000,0.0153,0.0670,0.0815,0.0000
Gemma-4-12B,"merge · domain, union",e25_union,2748,0.7522,-0.0328,0.0222,0.0000,0.0000,0.0000,0.0033,0.0251,0.1972,0.0000
Qwen3.5-27B,"merge · domain, union",e25_union,2748,0.8235,-0.0207,0.0142,0.0000,0.0055,0.0000,0.0073,0.0127,0.1368,0.0000
Qwen3.5-35B-A3B,"merge · domain, union",e25_union,2748,0.7777,-0.0557,0.0408,0.0000,0.0164,0.0000,0.0058,0.0215,0.1379,0.0000
Qwen3-4B,merge · semantic groups,mgroup_sem_hard,2748,0.6579,-0.1154,0.0000,0.0000,0.0971,0.0000,0.0202,0.0363,0.1885,0.0000
Qwen3-30B-A3B,merge · semantic groups,mgroup_sem_hard,2748,0.4836,-0.2951,0.0018,0.0000,0.1012,0.0000,0.0025,0.1376,0.2733,0.0000
Qwen2.5-7B,merge · semantic groups,mgroup_sem_hard,2748,0.3574,-0.1812,0.0033,0.0000,0.1477,0.0000,0.0186,0.3002,0.1729,0.0000
Qwen2.5-14B,merge · semantic groups,mgroup_sem_hard,2748,0.6583,-0.1117,0.0062,0.0000,0.0859,0.0000,0.0044,0.0746,0.1707,0.0000
Qwen2.5-32B,merge · semantic groups,mgroup_sem_hard,2748,0.7103,-0.0506,0.0000,0.0000,0.0448,0.0000,0.0018,0.0597,0.1834,0.0000
Llama-3.1-8B,merge · semantic groups,mgroup_sem_hard,2748,0.6048,-0.1452,0.0000,0.0000,0.0895,0.0000,0.0291,0.0990,0.1776,0.0000
Gemma-4-12B,merge · semantic groups,mgroup_sem_hard,2748,0.0033,-0.7817,0.6976,0.0000,0.0000,0.0000,0.0007,0.2136,0.0848,0.0000
Qwen3.5-27B,merge · semantic groups,mgroup_sem_hard,2748,0.8421,-0.0022,0.0000,0.0000,0.0000,0.0000,0.0019,0.0142,0.1418,0.0000
Qwen3.5-35B-A3B,merge · semantic groups,mgroup_sem_hard,2748,0.8122,-0.0211,0.0000,0.0000,0.0000,0.0000,0.0047,0.0299,0.1532,0.0000
Qwen3-4B,merge · random groups,mgroup_rand_hard,2748,0.6434,-0.1299,0.0000,0.0000,0.1009,0.0000,0.0221,0.0485,0.1851,0.0000
Qwen3-30B-A3B,merge · random groups,mgroup_rand_hard,2748,0.4247,-0.3541,0.0033,0.0000,0.1485,0.0000,0.0066,0.1670,0.2500,0.0000
Qwen2.5-7B,merge · random groups,mgroup_rand_hard,2748,0.2802,-0.2584,0.0091,0.0000,0.1838,0.0000,0.0135,0.3632,0.1503,0.0000
Qwen2.5-14B,merge · random groups,mgroup_rand_hard,2748,0.6255,-0.1445,0.0098,0.0000,0.0993,0.0000,0.0073,0.1026,0.1554,0.0000
Qwen2.5-32B,merge · random groups,mgroup_rand_hard,2748,0.6896,-0.0713,0.0000,0.0000,0.0553,0.0000,0.0011,0.0651,0.1889,0.0000
Llama-3.1-8B,merge · random groups,mgroup_rand_hard,2748,0.4945,-0.2555,0.0025,0.0000,0.2187,0.0000,0.0360,0.0833,0.1648,0.0000
Gemma-4-12B,merge · random groups,mgroup_rand_hard,2748,0.0124,-0.7726,0.7056,0.0000,0.0000,0.0000,0.0015,0.1910,0.0895,0.0000
Qwen3.5-27B,merge · random groups,mgroup_rand_hard,2748,0.8366,-0.0076,0.0000,0.0000,0.0000,0.0000,0.0047,0.0167,0.1420,0.0000
Qwen3.5-35B-A3B,merge · random groups,mgroup_rand_hard,2748,0.8151,-0.0182,0.0000,0.0000,0.0007,0.0000,0.0055,0.0290,0.1496,0.0000
Qwen3-4B,merge · anti-semantic groups,mgroup_anti_hard,2748,0.5648,-0.2085,0.0000,0.0000,0.1327,0.0000,0.0257,0.0609,0.2159,0.0000
Qwen3-30B-A3B,merge · anti-semantic groups,mgroup_anti_hard,2748,0.5247,-0.2540,0.0015,0.0000,0.0739,0.0000,0.0120,0.1215,0.2664,0.0000
Qwen2.5-7B,merge · anti-semantic groups,mgroup_anti_hard,2748,0.2518,-0.2868,0.0193,0.0000,0.1496,0.0000,0.0113,0.3788,0.1892,0.0000
Qwen2.5-14B,merge · anti-semantic groups,mgroup_anti_hard,2748,0.6121,-0.1579,0.0022,0.0000,0.0975,0.0000,0.0062,0.1001,0.1820,0.0000
Qwen2.5-32B,merge · anti-semantic groups,mgroup_anti_hard,2748,0.6718,-0.0892,0.0000,0.0000,0.0633,0.0000,0.0011,0.0553,0.2085,0.0000
Llama-3.1-8B,merge · anti-semantic groups,mgroup_anti_hard,2748,0.4229,-0.3271,0.0025,0.0000,0.3006,0.0000,0.0291,0.0786,0.1663,0.0000
Gemma-4-12B,merge · anti-semantic groups,mgroup_anti_hard,2748,0.0418,-0.7431,0.6543,0.0000,0.0000,0.0000,0.0011,0.2183,0.0844,0.0000
Qwen3.5-27B,merge · anti-semantic groups,mgroup_anti_hard,2748,0.8341,-0.0102,0.0007,0.0000,0.0000,0.0000,0.0048,0.0196,0.1409,0.0000
Qwen3.5-35B-A3B,merge · anti-semantic groups,mgroup_anti_hard,2748,0.8191,-0.0142,0.0000,0.0000,0.0000,0.0000,0.0054,0.0244,0.1510,0.0000
Qwen3-4B,"merge · catalog, neutral names",e25c_neutral,2748,0.6547,-0.1186,0.0000,0.0000,0.0193,0.0302,0.0360,0.0360,0.2238,0.0000
Qwen3-30B-A3B,"merge · catalog, neutral names",e25c_neutral,2748,0.6830,-0.0957,0.0029,0.0000,0.0146,0.0448,0.0062,0.0630,0.1856,0.0000
Qwen2.5-7B,"merge · catalog, neutral names",e25c_neutral,2748,0.0983,-0.4403,0.2507,0.0000,0.4683,0.0237,0.0164,0.0615,0.0811,0.0000
Qwen2.5-14B,"merge · catalog, neutral names",e25c_neutral,2748,0.4603,-0.3097,0.1590,0.0000,0.1747,0.0342,0.0076,0.0418,0.1223,0.0000
Qwen2.5-32B,"merge · catalog, neutral names",e25c_neutral,2748,0.7413,-0.0197,0.0000,0.0000,0.0091,0.0357,0.0011,0.0404,0.1725,0.0000
Llama-3.1-8B,"merge · catalog, neutral names",e25c_neutral,2748,0.6026,-0.1474,0.0011,0.0000,0.0429,0.0313,0.0881,0.0477,0.1863,0.0000
Gemma-4-12B,"merge · catalog, neutral names",e25c_neutral,2748,0.0047,-0.7802,0.5411,0.0000,0.0007,0.0619,0.0004,0.3221,0.0691,0.0000
Qwen3.5-27B,"merge · catalog, neutral names",e25c_neutral,2748,0.7787,-0.0655,0.0000,0.0000,0.0007,0.0382,0.0036,0.0233,0.1554,0.0000
Qwen3.5-35B-A3B,"merge · catalog, neutral names",e25c_neutral,2748,0.7620,-0.0713,0.0000,0.0000,0.0000,0.0277,0.0084,0.0378,0.1641,0.0000
Qwen3-4B,"merge · catalog, random classes",e25c_random,2748,0.2358,-0.5375,0.0004,0.0000,0.5098,0.1186,0.0127,0.0240,0.0986,0.0000
Qwen3-30B-A3B,"merge · catalog, random classes",e25c_random,2748,0.3373,-0.4414,0.0124,0.0000,0.3049,0.1212,0.0120,0.0418,0.1703,0.0000
Qwen2.5-7B,"merge · catalog, random classes",e25c_random,2748,0.0324,-0.5062,0.2584,0.0000,0.3737,0.1616,0.0116,0.1081,0.0542,0.0000
Qwen2.5-14B,"merge · catalog, random classes",e25c_random,2748,0.1812,-0.5888,0.0284,0.0000,0.5062,0.1379,0.0127,0.0389,0.0946,0.0000
Qwen2.5-32B,"merge · catalog, random classes",e25c_random,2748,0.4352,-0.3257,0.0000,0.0000,0.2231,0.1208,0.0073,0.0382,0.1754,0.0000
Llama-3.1-8B,"merge · catalog, random classes",e25c_random,2748,0.1383,-0.6117,0.0069,0.0000,0.6801,0.0775,0.0251,0.0102,0.0619,0.0000
Gemma-4-12B,"merge · catalog, random classes",e25c_random,2748,0.0116,-0.7733,0.6736,0.0000,0.0033,0.0433,0.0004,0.2078,0.0600,0.0000
Qwen3.5-27B,"merge · catalog, random classes",e25c_random,2748,0.7704,-0.0739,0.0000,0.0000,0.0029,0.0506,0.0066,0.0171,0.1525,0.0000
Qwen3.5-35B-A3B,"merge · catalog, random classes",e25c_random,2748,0.7092,-0.1241,0.0007,0.0000,0.0160,0.0706,0.0124,0.0364,0.1547,0.0000
Qwen3-4B,"merge · catalog, anti-classes",e25c_anti,2748,0.1976,-0.5757,0.0029,0.0000,0.5797,0.0895,0.0135,0.0258,0.0910,0.0000
Qwen3-30B-A3B,"merge · catalog, anti-classes",e25c_anti,2748,0.2871,-0.4916,0.0349,0.0000,0.3839,0.1044,0.0036,0.0462,0.1397,0.0000
Qwen2.5-7B,"merge · catalog, anti-classes",e25c_anti,2748,0.0386,-0.5000,0.2307,0.0000,0.3519,0.1554,0.0098,0.1507,0.0630,0.0000
Qwen2.5-14B,"merge · catalog, anti-classes",e25c_anti,2748,0.1685,-0.6015,0.0426,0.0000,0.4989,0.1161,0.0098,0.0517,0.1124,0.0000
Qwen2.5-32B,"merge · catalog, anti-classes",e25c_anti,2748,0.4563,-0.3046,0.0004,0.0000,0.1772,0.1354,0.0022,0.0408,0.1878,0.0000
Llama-3.1-8B,"merge · catalog, anti-classes",e25c_anti,2748,0.1245,-0.6255,0.0047,0.0000,0.7023,0.0582,0.0269,0.0051,0.0782,0.0000
Gemma-4-12B,"merge · catalog, anti-classes",e25c_anti,2748,0.0240,-0.7609,0.6656,0.0000,0.0047,0.0568,0.0000,0.1830,0.0659,0.0000
Qwen3.5-27B,"merge · catalog, anti-classes",e25c_anti,2748,0.7504,-0.0939,0.0000,0.0000,0.0091,0.0630,0.0055,0.0164,0.1557,0.0000
Qwen3.5-35B-A3B,"merge · catalog, anti-classes",e25c_anti,2748,0.6263,-0.2071,0.0007,0.0000,0.0491,0.1205,0.0135,0.0357,0.1543,0.0000
Qwen3-4B,native · whole catalog,hier_flat_hard,2748,0.7060,-0.0673,0.0000,0.0000,0.0018,0.0326,0.0165,0.0400,0.2032,0.0000
Qwen3-30B-A3B,native · whole catalog,hier_flat_hard,2748,0.7198,-0.0590,0.0003,0.0000,0.0000,0.0543,0.0059,0.0484,0.1713,0.0000
Qwen2.5-7B,native · whole catalog,hier_flat_hard,2748,0.5535,+0.0149,0.0000,0.0000,0.0063,0.0679,0.0107,0.1581,0.2036,0.0000
Qwen2.5-14B,native · whole catalog,hier_flat_hard,2748,0.7216,-0.0484,0.0000,0.0000,0.0020,0.0490,0.0050,0.0596,0.1627,0.0000
Qwen2.5-32B,native · whole catalog,hier_flat_hard,2748,0.7478,-0.0131,0.0000,0.0000,0.0010,0.0345,0.0023,0.0328,0.1816,0.0000
Llama-3.1-8B,native · whole catalog,hier_flat_hard,2748,0.6627,-0.0873,0.0007,0.0000,0.0118,0.0549,0.0216,0.0748,0.1736,0.0000
Gemma-4-12B,native · whole catalog,hier_flat_hard,2748,0.6798,-0.1052,0.0000,0.0000,0.0000,0.1085,0.0026,0.0317,0.1776,0.0000
Qwen3.5-27B,native · whole catalog,hier_flat_hard,2748,0.8075,-0.0368,0.0000,0.0000,0.0000,0.0270,0.0058,0.0200,0.1398,0.0000
Qwen3.5-35B-A3B,native · whole catalog,hier_flat_hard,2748,0.8035,-0.0298,0.0000,0.0000,0.0000,0.0218,0.0059,0.0295,0.1393,0.0000
Qwen3-4B,split · enum 1.5×,v6_hard,2748,0.7784,+0.0051,0.0000,0.0000,0.0024,0.0000,0.0117,0.0277,0.1797,0.0000
Qwen3-30B-A3B,split · enum 1.5×,v6_hard,2748,0.7813,+0.0025,0.0000,0.0000,0.0000,0.0000,0.0039,0.0455,0.1693,0.0000
Qwen2.5-7B,split · enum 1.5×,v6_hard,2748,0.4527,-0.0859,0.0016,0.0000,0.0000,0.0000,0.0027,0.3990,0.1439,0.0000
Qwen2.5-14B,split · enum 1.5×,v6_hard,2748,0.7664,-0.0036,0.0000,0.0000,0.0000,0.0000,0.0044,0.0661,0.1631,0.0000
Qwen2.5-32B,split · enum 1.5×,v6_hard,2748,0.7638,+0.0029,0.0000,0.0000,0.0000,0.0000,0.0007,0.0505,0.1849,0.0000
Llama-3.1-8B,split · enum 1.5×,v6_hard,2748,0.7445,-0.0055,0.0000,0.0000,0.0041,0.0000,0.0097,0.0805,0.1612,0.0000
Gemma-4-12B,split · enum 1.5×,v6_hard,2748,0.7838,-0.0011,0.0000,0.0000,0.0000,0.0000,0.0022,0.0331,0.1809,0.0000
Qwen3.5-27B,split · enum 1.5×,v6_hard,2748,0.8402,-0.0040,0.0000,0.0000,0.0000,0.0000,0.0029,0.0179,0.1390,0.0000
Qwen3.5-35B-A3B,split · enum 1.5×,v6_hard,2748,0.8297,-0.0036,0.0000,0.0000,0.0000,0.0000,0.0116,0.0269,0.1318,0.0000
Qwen3-4B,split · enum 2.9×,v7_hard,2748,0.7820,+0.0087,0.0000,0.0000,0.0011,0.0000,0.0192,0.0251,0.1726,0.0000
Qwen3-30B-A3B,split · enum 2.9×,v7_hard,2748,0.7893,+0.0106,0.0000,0.0000,0.0004,0.0000,0.0036,0.0434,0.1633,0.0000
Qwen2.5-7B,split · enum 2.9×,v7_hard,2748,0.4509,-0.0877,0.0022,0.0000,0.0025,0.0000,0.0040,0.4138,0.1266,0.0000
Qwen2.5-14B,split · enum 2.9×,v7_hard,2748,0.7686,-0.0015,0.0000,0.0000,0.0000,0.0000,0.0069,0.0667,0.1578,0.0000
Qwen2.5-32B,split · enum 2.9×,v7_hard,2748,0.7631,+0.0022,0.0000,0.0000,0.0000,0.0000,0.0007,0.0490,0.1872,0.0000
Llama-3.1-8B,split · enum 2.9×,v7_hard,2748,0.7300,-0.0200,0.0003,0.0000,0.0049,0.0000,0.0138,0.0789,0.1722,0.0000
Gemma-4-12B,split · enum 2.9×,v7_hard,2748,0.7766,-0.0084,0.0000,0.0000,0.0000,0.0000,0.0029,0.0436,0.1770,0.0000
Qwen3.5-27B,split · enum 2.9×,v7_hard,2748,0.8395,-0.0047,0.0000,0.0000,0.0000,0.0000,0.0047,0.0164,0.1394,0.0000
Qwen3.5-35B-A3B,split · enum 2.9×,v7_hard,2748,0.8275,-0.0058,0.0000,0.0000,0.0000,0.0000,0.0109,0.0306,0.1311,0.0000
Qwen3-4B,split · enum 5.4×,v8_hard,2748,0.7849,+0.0116,0.0000,0.0000,0.0006,0.0000,0.0262,0.0215,0.1667,0.0000
Qwen3-30B-A3B,split · enum 5.4×,v8_hard,2748,0.7849,+0.0062,0.0000,0.0000,0.0006,0.0000,0.0047,0.0411,0.1686,0.0000
Qwen2.5-7B,split · enum 5.4×,v8_hard,2748,0.5171,-0.0215,0.0007,0.0000,0.0011,0.0000,0.0022,0.3348,0.1441,0.0000
Qwen2.5-14B,split · enum 5.4×,v8_hard,2748,0.7733,+0.0033,0.0000,0.0000,0.0000,0.0000,0.0088,0.0603,0.1576,0.0000
Qwen2.5-32B,split · enum 5.4×,v8_hard,2748,0.7697,+0.0087,0.0000,0.0000,0.0000,0.0000,0.0007,0.0447,0.1850,0.0000
Llama-3.1-8B,split · enum 5.4×,v8_hard,2748,0.7456,-0.0044,0.0000,0.0000,0.0053,0.0000,0.0186,0.0633,0.1671,0.0000
Gemma-4-12B,split · enum 5.4×,v8_hard,2748,0.7791,-0.0058,0.0000,0.0000,0.0000,0.0000,0.0027,0.0382,0.1800,0.0000
Qwen3.5-27B,split · enum 5.4×,v8_hard,2748,0.8439,-0.0004,0.0000,0.0000,0.0000,0.0000,0.0033,0.0156,0.1372,0.0000
Qwen3.5-35B-A3B,split · enum 5.4×,v8_hard,2748,0.8344,+0.0011,0.0000,0.0000,0.0003,0.0000,0.0109,0.0222,0.1321,0.0000
Qwen3-4B,split · one enum,enum1_hard,2748,0.7838,+0.0106,0.0000,0.0000,0.0004,0.0000,0.0138,0.0233,0.1786,0.0000
Qwen3-30B-A3B,split · one enum,enum1_hard,2748,0.7802,+0.0015,0.0000,0.0000,0.0000,0.0000,0.0033,0.0346,0.1820,0.0000
Qwen2.5-7B,split · one enum,enum1_hard,2748,0.5295,-0.0091,0.0011,0.0000,0.0004,0.0000,0.0047,0.3173,0.1470,0.0000
Qwen2.5-14B,split · one enum,enum1_hard,2748,0.7700,+0.0000,0.0000,0.0000,0.0000,0.0000,0.0058,0.0579,0.1663,0.0000
Qwen2.5-32B,split · one enum,enum1_hard,2748,0.7638,+0.0029,0.0000,0.0000,0.0000,0.0000,0.0011,0.0378,0.1972,0.0000
Llama-3.1-8B,split · one enum,enum1_hard,2748,0.7460,-0.0040,0.0004,0.0000,0.0004,0.0000,0.0120,0.0630,0.1783,0.0000
Gemma-4-12B,split · one enum,enum1_hard,2748,0.7751,-0.0098,0.0029,0.0000,0.0000,0.0000,0.0025,0.0309,0.1885,0.0000
Qwen3.5-27B,split · one enum,enum1_hard,2748,0.8483,+0.0040,0.0000,0.0000,0.0000,0.0000,0.0033,0.0138,0.1346,0.0000
Qwen3.5-35B-A3B,split · one enum,enum1_hard,2748,0.8366,+0.0033,0.0000,0.0000,0.0000,0.0000,0.0073,0.0233,0.1327,0.0000
Qwen3-4B,split · all enums,enumfull_hard,2748,0.7697,-0.0036,0.0000,0.0000,0.0000,0.0000,0.0265,0.0189,0.1850,0.0000
Qwen3-30B-A3B,split · all enums,enumfull_hard,2748,0.7817,+0.0029,0.0000,0.0000,0.0000,0.0000,0.0036,0.0331,0.1816,0.0000
Qwen2.5-7B,split · all enums,enumfull_hard,2748,0.5586,+0.0200,0.0022,0.0000,0.0018,0.0000,0.0051,0.2536,0.1787,0.0000
Qwen2.5-14B,split · all enums,enumfull_hard,2748,0.7678,-0.0022,0.0000,0.0000,0.0004,0.0000,0.0066,0.0568,0.1685,0.0000
Qwen2.5-32B,split · all enums,enumfull_hard,2748,0.7656,+0.0047,0.0000,0.0000,0.0000,0.0000,0.0004,0.0338,0.2001,0.0000
Llama-3.1-8B,split · all enums,enumfull_hard,2748,0.7071,-0.0429,0.0004,0.0000,0.0036,0.0000,0.0207,0.0520,0.2162,0.0000
Gemma-4-12B,split · all enums,enumfull_hard,2748,0.7711,-0.0138,0.0098,0.0000,0.0007,0.0000,0.0025,0.0280,0.1878,0.0000
Qwen3.5-27B,split · all enums,enumfull_hard,2748,0.8446,+0.0004,0.0000,0.0000,0.0000,0.0000,0.0047,0.0124,0.1383,0.0000
Qwen3.5-35B-A3B,split · all enums,enumfull_hard,2748,0.8352,+0.0018,0.0000,0.0000,0.0000,0.0000,0.0091,0.0232,0.1325,0.0000
Qwen3-4B,rename · opaque,s_obf_hard,2748,0.7515,-0.0218,0.0000,0.0000,0.0010,0.0000,0.0174,0.0350,0.1951,0.0000
Qwen3-30B-A3B,rename · opaque,s_obf_hard,2748,0.7613,-0.0175,0.0000,0.0000,0.0000,0.0000,0.0058,0.0451,0.1878,0.0000
Qwen2.5-7B,rename · opaque,s_obf_hard,2748,0.2656,-0.2729,0.0044,0.0000,0.0000,0.0000,0.0211,0.6143,0.0946,0.0000
Qwen2.5-14B,rename · opaque,s_obf_hard,2748,0.7387,-0.0313,0.0000,0.0000,0.0015,0.0000,0.0160,0.0804,0.1634,0.0000
Qwen2.5-32B,rename · opaque,s_obf_hard,2748,0.7700,+0.0091,0.0000,0.0000,0.0000,0.0000,0.0073,0.0528,0.1699,0.0000
Llama-3.1-8B,rename · opaque,s_obf_hard,2748,0.7118,-0.0382,0.0000,0.0000,0.0015,0.0000,0.0251,0.0888,0.1729,0.0000
Gemma-4-12B,rename · opaque,s_obf_hard,2748,0.7838,-0.0011,0.0000,0.0000,0.0000,0.0000,0.0025,0.0313,0.1823,0.0000
Qwen3.5-27B,rename · opaque,s_obf_hard,2748,0.8344,-0.0098,0.0007,0.0000,0.0000,0.0000,0.0048,0.0252,0.1349,0.0000
Qwen3.5-35B-A3B,rename · opaque,s_obf_hard,2748,0.8286,-0.0047,0.0000,0.0000,0.0003,0.0000,0.0120,0.0269,0.1321,0.0000
