variant,Qwen3-4B,Qwen3-30B-A3B,Qwen2.5-7B,Qwen2.5-14B,Qwen2.5-32B,Llama-3.1-8B,Gemma-4-12B,Qwen3.5-27B,Qwen3.5-35B-A3B,GLM-5.3-Flash,gpt-6-luna
native,0.773,0.779,0.539,0.770,0.761,0.750,0.785,0.844,0.833,0.755,0.761
fully merged,0.364,0.066,0.353,0.544,0.752,0.706,0.000,0.840,0.789,0.709,0.770
class dispatch,0.661,0.664,0.126,0.528,0.732,0.603,0.039,0.783,0.755,0.604,0.635
fully split,0.760,0.766,0.600,0.761,0.762,0.703,0.774,0.842,0.828,0.751,0.759
interval split,0.759,0.790,0.398,0.756,0.773,0.501,0.786,0.842,0.832,0.762,0.767
nested args,0.771,0.781,0.535,0.781,0.764,0.748,0.792,0.842,0.833,0.753,0.765
namespaced names,0.697,0.709,0.504,0.719,0.746,0.668,0.687,0.805,0.805,0.636,0.700
strip descriptions,0.783,0.765,0.552,0.769,0.751,0.726,0.778,0.845,0.836,0.744,0.747
reorder arguments,0.777,0.780,0.514,0.779,0.760,0.734,0.784,0.844,0.834,0.753,0.765
transaction,0.281,0.720,0.253,0.103,0.771,0.003,0.600,0.762,0.788,0.759,0.745
reference resolution,0.775,0.862,0.392,0.605,0.628,0.542,0.928,0.968,0.956,0.928,0.956
schema discovery,0.072,0.115,0.033,0.048,0.286,0.042,0.770,0.799,0.750,0.669,0.717
composed,0.326,0.434,0.127,0.353,0.461,0.276,0.222,0.886,0.863,0.829,0.870
