variant,τ² airline,τ² retail,BFCL,AutomationBench,MCP-Atlas
native,0.780,0.474,0.730,0.532,0.538
fully merged,-0.160,-0.298,-0.670,-0.442,-0.261
class dispatch,-0.020,-0.096,-0.415,-0.289,-0.400
fully split,+0.000,+0.026,-0.010,-0.071,-0.062
interval split,-0.020,n/a,-0.040,-0.232,-0.001
nested args,+0.040,+0.026,-0.040,-0.011,-0.094
namespaced names,+0.080,-0.026,-0.050,-0.018,-0.055
strip descriptions,+0.020,+0.053,-0.230,-0.110,-0.075
reorder arguments,-0.060,-0.053,-0.005,-0.006,-0.051
transaction,-0.100,-0.096,-0.025,-0.040,+0.005
reference resolution,n/a,n/a,n/a,n/a,n/a
schema discovery,-0.080,-0.009,+0.020,-0.053,-0.091
composed,+0.020,+0.035,-0.315,-0.268,-0.264
