model,benchmark,variants,target_range,split_half,compliance,exact,likelihood,sample36
Qwen3.5-27B,τ² airline,12,0.240,0.333,0.000,0.000,0.731,0.308
Qwen3.5-27B,τ² retail,11,0.351,0.533,0.000,0.502,0.594,0.487
Qwen3.5-27B,BFCL,12,0.690,0.824,0.503,0.673,0.252,0.804
Qwen3.5-27B,AutomationBench,12,0.442,0.976,0.360,0.711,0.664,0.922
Qwen3.5-27B,MCP-Atlas,12,0.405,0.754,0.511,0.867,0.497,0.756
Qwen3-4B,τ² airline,12,0.160,0.330,-0.420,-0.420,-0.164,0.263
Qwen3-4B,τ² retail,11,0.237,0.746,0.669,0.678,0.667,0.730
Qwen3-4B,BFCL,12,0.330,0.917,0.339,0.671,0.565,0.879
Qwen3-4B,AutomationBench,12,0.166,0.944,0.802,0.838,0.524,0.906
Qwen3-4B,MCP-Atlas,12,0.143,0.754,0.848,0.636,0.671,0.734
Qwen3-4B RL,τ² airline,12,0.140,-0.165,-0.397,-0.397,0.307,-0.171
Qwen3-4B RL,τ² retail,11,0.254,0.546,0.408,0.408,0.336,0.548
Qwen3-4B RL,BFCL,12,0.320,0.941,0.533,0.404,-0.539,0.898
Qwen3-4B RL,AutomationBench,12,0.109,0.924,0.606,0.563,-0.154,0.782
Qwen3-4B RL,MCP-Atlas,12,0.057,0.265,0.256,-0.096,0.329,0.204
